Date,Year,Month,Rainfall_mm,P_3month,P_6month,SPI_3,SPI_6,SPI3_Class,SPI6_Class
2001-01-01,2001,1,0.54872161169157,3.320356453997239,524.1992861852607,-0.6721545053716591,0.040315857661624266,Near Normal,Near Normal
2001-02-01,2001,2,1.4091052693178863,2.934175670239763,278.47641551929803,-0.12484130535816393,0.00160261668433341,Near Normal,Near Normal
2001-03-01,2001,3,8.167927095260227,10.125753976269456,94.4143963517484,-0.9043588695589805,-0.12924032276468142,Near Normal,Near Normal
2001-04-01,2001,4,51.811799720748816,61.3888320853267,64.7091885393244,0.35485568907875936,0.2458686434553746,Near Normal,Near Normal
2001-05-01,2001,5,108.2753830400356,168.25510985604444,171.18928552628464,0.5443249600685061,0.5538133314457869,Near Normal,Near Normal
2001-06-01,2001,6,142.291928533315,302.3791112940992,312.5048652703691,0.7274370699452675,0.5722231438018333,Near Normal,Near Normal
2001-07-01,2001,7,198.92659769811635,449.49390927146675,510.8827413567939,0.39817431384571744,0.4496673008035487,Near Normal,Near Normal
2001-08-01,2001,8,213.9417970383566,555.1603232697878,723.4154331258326,-0.634459571373849,-0.2578086088753815,Near Normal,Near Normal
2001-09-01,2001,9,199.61325727614886,612.4816520126217,914.8607633067213,-0.5181844820775315,-0.026296211036555772,Near Normal,Near Normal
2001-10-01,2001,10,45.87019466990226,459.4252489844076,908.9191582558747,-1.0937793517085206,-0.646023053683785,Moderately Dry,Near Normal
2001-11-01,2001,11,0.7603644290268302,246.24381637507776,801.4041396448658,-0.7514053449258479,-0.8401394781791456,Near Normal,Near Normal
2001-12-01,2001,12,0.5878745552926525,47.21843365422154,659.7000856668436,-1.4832452890964722,-0.9903900480500266,Moderately Dry,Near Normal
2002-01-01,2002,1,0.34559788273970676,1.6938368670589905,461.11908585146693,-2.074064237466057,-1.131205884089007,Extremely Dry,Moderately Dry
2002-02-01,2002,2,1.7837755607217107,2.717247998753871,248.96106437383202,-0.2816548960665475,-0.752771508715483,Near Normal,Near Normal
2002-03-01,2002,3,12.602967108882156,14.732340552343375,61.95077420656531,-0.036136257734874166,-1.5301843929728687,Near Normal,Severely Dry
2002-04-01,2002,4,55.554977249155876,69.94171991875955,71.63555678581893,0.9683551847707943,0.7523137178260424,Near Normal,Near Normal
2002-05-01,2002,5,77.01779737763337,145.1757417356712,147.89298973442547,-0.39103253204762123,-0.39383533898809203,Near Normal,Near Normal
2002-06-01,2002,6,140.35759517551543,272.9303698023045,287.66271035464825,-0.18104042807426068,-0.2251823599153103,Near Normal,Near Normal
2002-07-01,2002,7,224.9399872963271,442.3153798494757,512.2570997682357,0.19953783173143655,0.4834038321957056,Near Normal,Near Normal
2002-08-01,2002,8,229.5240674725647,594.821649944407,739.9973916800786,0.3618834500014315,0.08415216500225754,Near Normal,Near Normal
2002-09-01,2002,9,194.04805591309923,648.5121106819909,921.4424804842957,0.2461165915133566,0.08231100469192824,Near Normal,Near Normal
2002-10-01,2002,10,92.4419695529234,516.0140929385872,958.3294727880632,-0.036718493704761504,0.054521457028810935,Near Normal,Near Normal
2002-11-01,2002,11,3.552490472916246,290.04251593893866,884.8641658833461,0.329801457680904,0.39548622819781404,Near Normal,Near Normal
2002-12-01,2002,12,0.5487972830783352,96.54325730891777,745.055367990909,0.4987922558315159,0.3717641268328244,Near Normal,Near Normal
2003-01-01,2003,1,0.9326057152914093,5.033893471285792,521.0479864098734,0.3526950591045152,-0.01589982199574032,Near Normal,Near Normal
2003-02-01,2003,2,2.560665840350857,4.042068838720402,294.0845847776595,0.573773699895193,0.37906904548077724,Near Normal,Near Normal
2003-03-01,2003,3,7.177142991510144,10.670414547152212,107.21367185607039,-0.7891382748182787,0.33244525575958944,Near Normal,Near Normal
2003-04-01,2003,4,50.634520878803485,60.37232971066429,65.40622318195048,0.2782603932629099,0.29841405841054525,Near Normal,Near Normal
2003-05-01,2003,5,88.01553375569256,145.82719762600598,149.8692664647268,-0.36331628546062666,-0.3097284482990176,Near Normal,Near Normal
2003-06-01,2003,6,164.2633009025679,302.9133555370637,313.5837700842163,0.743363624329178,0.605883849989189,Near Normal,Near Normal
2003-07-01,2003,7,209.35932732005227,461.6381619783125,522.0104916889773,0.7294689978193059,0.7211108648774562,Near Normal,Near Normal
2003-08-01,2003,8,265.86968561125514,639.4923138338751,785.3195114598815,1.4324795935096346,0.9935042829115054,Moderately Wet,Near Normal
2003-09-01,2003,9,201.23569100799585,676.464703939303,979.3780594763673,0.8197973850630043,1.0167667169632744,Near Normal,Moderately Wet
2003-10-01,2003,10,58.130775645715225,525.236152264966,986.874314243279,0.128083880818163,0.448306375134865,Near Normal,Near Normal
2003-11-01,2003,11,5.00827168626692,264.3747383399778,903.8670521738533,-0.28936334930852414,0.6658606595060481,Near Normal,Near Normal
2003-12-01,2003,12,0.46706851959804024,63.60611585157996,740.0708197908835,-0.7121832290259057,0.2951693412462268,Near Normal,Near Normal
2004-01-01,2004,1,0.9895293380478396,6.464869543912573,531.701021808879,1.0412595065226466,0.1732380936906117,Moderately Wet,Near Normal
2004-02-01,2004,2,1.0333721542415057,2.4899700118871584,266.8647083518654,-0.4553585444938378,-0.2884690648782621,Near Normal,Near Normal
2004-03-01,2004,3,6.170611977071181,8.1935134693603,71.79962932094071,-1.3517115569540314,-1.060758703221137,Moderately Dry,Moderately Dry
2004-04-01,2004,4,46.41595466240156,53.61993879371402,60.084808337627045,-0.25372656512040076,-0.11265486583104752,Near Normal,Near Normal
2004-05-01,2004,5,128.91326826871307,181.4998349081856,183.9898049200732,1.0430575682270635,1.0383969764271974,Moderately Wet,Moderately Wet
2004-06-01,2004,6,131.35716005773355,306.686382988848,314.8798964582087,0.8553166964240744,0.6462202087927164,Near Normal,Near Normal
2004-07-01,2004,7,215.64404172344513,475.9144700498915,529.534408843606,1.111613485167691,0.9024753331305754,Moderately Wet,Near Normal
2004-08-01,2004,8,225.749465116054,572.7506668972325,754.2505018054185,-0.18689436556650968,0.3740275386264319,Near Normal,Near Normal
2004-09-01,2004,9,174.04669575691446,615.4402025964133,922.1265855852619,-0.454311666205862,0.09356996001485642,Near Normal,Near Normal
2004-10-01,2004,10,65.01069382626571,464.806854699234,940.7213247491259,-0.9896125161863246,-0.19230048813635034,Near Normal,Near Normal
2004-11-01,2004,11,4.066638562047478,243.1240281452274,815.8746950424603,-0.8331955286929551,-0.6199341128088727,Near Normal,Near Normal
2004-12-01,2004,12,0.8057804335069887,69.88311282181995,685.3233154182338,-0.4532821443276911,-0.5696815558881072,Near Normal,Near Normal
2005-01-01,2005,1,0.8112865058621873,5.683705501416426,470.4905602006508,0.6794208171190809,-0.9506236229659029,Near Normal,Near Normal
2005-02-01,2005,2,3.1799889427427455,4.797055882111694,247.92108402733956,0.9797397696776641,-0.7804223673418886,Near Normal,Near Normal
2005-03-01,2005,3,15.327987800794512,19.319263249399217,89.20237607121962,0.6612949338585052,-0.3292676435399342,Near Normal,Near Normal
2005-04-01,2005,4,37.01835692463173,55.52633366816876,61.21003916958564,-0.09920111834876713,-0.02376715440283465,Near Normal,Near Normal
2005-05-01,2005,5,90.47893172366466,142.82527644909067,147.6223323312028,-0.4917325249389685,-0.4054125916877932,Near Normal,Near Normal
2005-06-01,2005,6,143.84764259976367,271.3449312480598,290.6641944974595,-0.2317666688302325,-0.12645901162075068,Near Normal,Near Normal
2005-07-01,2005,7,209.42363612350243,443.7502104469305,499.27654411509974,0.23941155112257523,0.1623318172962219,Near Normal,Near Normal
2005-08-01,2005,8,225.4744124039484,578.7456911272143,721.5709675763054,-0.03645797212598225,-0.29616813134207365,Near Normal,Near Normal
2005-09-01,2005,9,174.34194931499698,609.2399978424476,880.5849290905079,-0.5884066935659317,-0.6004893165165143,Near Normal,Near Normal
2005-10-01,2005,10,78.05282846402788,477.86919018297306,921.619400629904,-0.740107657599362,-0.46357466150533083,Near Normal,Near Normal
2005-11-01,2005,11,3.3300850493881446,255.72486282841277,834.4705539556276,-0.5070472228560842,-0.34075811921272214,Near Normal,Near Normal
2005-12-01,2005,12,0.8711883966889508,82.25410191010475,691.4940997525528,0.014157287803460305,-0.46994373981554977,Near Normal,Near Normal
2006-01-01,2006,1,1.5394137295639168,5.740687175640785,483.60987735861426,0.7068750776237837,-0.7018422415777092,Near Normal,Near Normal
2006-02-01,2006,2,3.333799993711744,5.744402119964384,261.4692649483776,1.4343620028594328,-0.4261310174820771,Moderately Wet,Near Normal
2006-03-01,2006,3,13.704378672610636,18.577592395886068,100.83169430599128,0.5565721410875171,0.10712687993833289,Near Normal,Near Normal
2006-04-01,2006,4,22.465592533476666,39.50377119979882,45.24445837544006,-1.5330531300559087,-1.406753042914945,Severely Dry,Moderately Dry
2006-05-01,2006,5,112.3262345099556,148.49620571604268,154.2406078360075,-0.25062160189626465,-0.1262952242633514,Near Normal,Near Normal
2006-06-01,2006,6,128.34801099162644,263.13983803505846,281.717430430945,-0.49750731190843805,-0.42278306905251534,Near Normal,Near Normal
2006-07-01,2006,7,202.40685302338045,443.0810985249623,482.5848697247615,0.22082773289432542,-0.25881489606231906,Near Normal,Near Normal
2006-08-01,2006,8,280.52911840737687,611.2839824223836,759.7801881384266,0.7624428328500377,0.48550678119280005,Near Normal,Near Normal
2006-09-01,2006,9,223.04422637372468,705.9801978044818,969.1200358395407,1.4087307424414142,0.8540407605161772,Moderately Wet,Near Normal
2006-10-01,2006,10,102.57151080116151,606.1448555822628,1049.2259541072256,1.4977091433441028,1.2828726659402636,Moderately Wet,Moderately Wet
2006-11-01,2006,11,2.1688700230235085,327.78460719790945,939.0685896202934,1.1773245366761353,1.1569095430173744,Moderately Wet,Moderately Wet
2006-12-01,2006,12,0.3698336828993707,105.11021450708417,811.0904123115663,0.7669130074443922,1.3558419901677203,Near Normal,Moderately Wet
2007-01-01,2007,1,0.17413300357182468,2.7128367094944763,608.8576922917579,-1.1229318793406082,1.4732405542743396,Moderately Dry,Moderately Wet
2007-02-01,2007,2,3.2365500455776535,3.7805167320486213,331.56512392995853,0.42159699199046813,1.234203943956157,Near Normal,Moderately Wet
2007-03-01,2007,3,9.873708587098076,13.284391636247326,118.39460614333194,-0.2861892088863174,0.7066642620420427,Near Normal,Near Normal
2007-04-01,2007,4,52.2073543895031,65.3176130221786,68.03044973167354,0.6432381549845492,0.4929709691407591,Near Normal,Near Normal
2007-05-01,2007,5,110.88380058522857,172.96486356182953,176.74538029387858,0.7245484330848357,0.7669898330942437,Near Normal,Near Normal
2007-06-01,2007,6,122.23687463643112,285.3280296111626,298.61242124741034,0.2090003151470888,0.1317258437781991,Near Normal,Near Normal
2007-07-01,2007,7,186.4223521029173,419.54302732457677,484.8606403467558,-0.4451830142736139,-0.20082860668886754,Near Normal,Near Normal
2007-08-01,2007,8,269.54868641765796,578.2079131570061,751.1727767188361,-0.04991016187045334,0.311744472926914,Near Normal,Near Normal
2007-09-01,2007,9,185.66163001561586,641.6326685361909,926.9606981473539,0.10241420185872385,0.17297127085418135,Near Normal,Near Normal
2007-10-01,2007,10,80.840498455952,536.0508148892256,955.5938422138029,0.3189096150615127,0.01637438582499915,Near Normal,Near Normal
2007-11-01,2007,11,3.81358181028235,270.31571028185,848.5236234388566,-0.14260127819794088,-0.1325289209879732,Near Normal,Near Normal
2007-12-01,2007,12,0.8801425921270892,85.53422285836122,727.1668913945526,0.13007983628348405,0.09527361781957276,Near Normal,Near Normal
2008-01-01,2008,1,0.6802601937546721,5.373984596163885,541.4247994853899,0.5269446814708176,0.34368708875908294,Near Normal,Near Normal
2008-02-01,2008,2,0.45854208031408694,2.018944866195621,272.33465514804607,-0.8534423191763257,-0.1507952779371955,Near Normal,Near Normal
2008-03-01,2008,3,9.435447569805403,10.574249843873934,96.1084727022356,-0.8091814361136589,-0.06582437210387208,Near Normal,Near Normal
2008-04-01,2008,4,37.9116034950157,47.805593145134964,53.1795777412993,-0.749122996567111,-0.6841699732258787,Near Normal,Near Normal
2008-05-01,2008,5,122.7323941357751,170.07944520059596,172.09839006679204,0.614526316841169,0.5890040446011217,Near Normal,Near Normal
2008-06-01,2008,6,144.10906353786464,304.7530611686552,315.32731101252955,0.7980658819119962,0.6601184922364113,Near Normal,Near Normal
2008-07-01,2008,7,208.149773546304,474.99123121994353,522.7968243650789,1.0871319415429967,0.7401462725375929,Moderately Wet,Near Normal
2008-08-01,2008,8,289.06315092873274,641.3219880129011,811.4014332134975,1.4752585496694726,1.501109874322096,Moderately Wet,Severely Wet
2008-09-01,2008,9,178.7300196526765,675.942944127713,980.6960052963686,0.809234752659488,1.0375915887765044,Near Normal,Moderately Wet
2008-10-01,2008,10,60.9848449338243,528.7780155152333,1003.7692467351773,0.1908660258561746,0.6778187118235579,Near Normal,Near Normal
2008-11-01,2008,11,1.3555338619268196,241.0703984484274,882.3923864613289,-0.8874215866331115,0.36003481096140566,Near Normal,Near Normal
2008-12-01,2008,12,1.8447472430434009,64.1851260387943,740.1280701665078,-0.6875912160091996,0.2960510212402024,Near Normal,Near Normal
2009-01-01,2009,1,1.7075884349746684,4.907869539944661,533.6858850551785,0.28614976258246033,0.20819841672890857,Near Normal,Near Normal
2009-02-01,2009,2,1.44819675266564,5.0005324306834815,246.07093087911133,1.081951579724801,-0.8298077681771889,Moderately Wet,Near Normal
2009-03-01,2009,3,7.655526900897966,10.811312088538047,74.9964381273328,-0.7599952434875933,-0.9179727301296954,Near Normal,Near Normal
2009-04-01,2009,4,48.0575531328978,57.16127678646118,62.0691463264063,0.030518260116994027,0.04336607906736868,Near Normal,Near Normal
2009-05-01,2009,5,79.6733983135544,135.38647834734994,140.38701077803387,-0.8179652729865406,-0.7203314200076604,Near Normal,Near Normal
2009-06-01,2009,6,132.6958887068853,260.42684015333725,271.2381522418758,-0.586593437744049,-0.7779894828487353,Near Normal,Near Normal
2009-07-01,2009,7,200.46255090192858,412.8318379223681,469.9931147088297,-0.6396351195507786,-0.5829993239250728,Near Normal,Near Normal
2009-08-01,2009,8,256.01371039127923,589.1721500000929,724.5586283474432,0.22272271042458117,-0.23406624254497052,Near Normal,Near Normal
2009-09-01,2009,9,170.38157794459,626.8578392377976,887.2846793911353,-0.2097205259603156,-0.48709495135062564,Near Normal,Near Normal
2009-10-01,2009,10,117.29923468002129,543.6945230158904,956.5263609382587,0.4522442724463813,0.029386086093780225,Near Normal,Near Normal
2009-11-01,2009,11,3.704713296460381,291.38552592107146,880.5576759211648,0.36117518074857663,0.33367779700115724,Near Normal,Near Normal
2009-12-01,2009,12,0.24405483486889035,121.24800281135039,748.1058420491484,1.2354936013013256,0.4184711003376337,Moderately Wet,Near Normal
2010-01-01,2010,1,0.6818070863289267,4.630575217658028,548.3250982335487,0.13562598737620524,0.4634120109983326,Near Normal,Near Normal
2010-02-01,2010,2,1.461147839096706,2.3870097602943527,293.7725356813662,-0.5376280546911656,0.3716546683773799,Near Normal,Near Normal
2010-03-01,2010,3,7.4945132381949255,9.637468163620388,130.88547097497113,-1.0113594397010854,1.098181034784217,Moderately Dry,Moderately Wet
2010-04-01,2010,4,47.01016016809066,55.965821245382116,60.596396463040485,-0.06408325115081849,-0.0721052068553395,Near Normal,Near Normal
2010-05-01,2010,5,94.82661070546278,149.3312841117482,151.7182938720429,-0.21564054700383842,-0.2317071660942323,Near Normal,Near Normal
2010-06-01,2010,6,143.26341083430964,285.10018170786293,294.73764987148365,0.20193496084854853,0.006440496112995878,Near Normal,Near Normal
2010-07-01,2010,7,212.07500378392407,450.16502532369634,506.1308465690788,0.4166365391202333,0.33255483960798315,Near Normal,Near Normal
2010-08-01,2010,8,247.2222875020202,602.5607021202537,751.8919862320023,0.5510947183786061,0.32631410004315753,Near Normal,Near Normal
2010-09-01,2010,9,193.75747143721827,653.0547627231624,938.1549444310256,0.3404509973662136,0.35578623258312364,Near Normal,Near Normal
2010-10-01,2010,10,130.93034476164115,571.9101037008795,1022.0751290245762,0.9339259620441839,0.923621365767485,Near Normal,Near Normal
2010-11-01,2010,11,3.8710299515755597,328.5588461504348,931.1195482706889,1.194019088790347,1.047103583159752,Moderately Wet,Moderately Wet
2010-12-01,2010,12,0.5078090503013918,135.30918376351792,788.3639464866807,1.6118256150743782,1.0233642106563898,Severely Wet,Moderately Wet
2011-01-01,2011,1,0.3084281975903679,4.687267199467149,576.597370900347,0.1668784040869542,0.9437774414244834,Near Normal,Near Normal
2011-02-01,2011,2,4.825699255378791,5.64193650327038,334.2007826537055,1.3876253291833984,1.2918852859086214,Moderately Wet,Moderately Wet
2011-03-01,2011,3,8.09178530375722,13.22591275672621,148.53509652024448,-0.29666666816341786,1.6118804221542802,Near Normal,Severely Wet
2011-04-01,2011,4,35.44085567723509,48.358340236370935,53.04560743583842,-0.7003334648693471,-0.6957396332622106,Near Normal,Near Normal
2011-05-01,2011,5,101.99066300564256,145.5233039866347,151.16524048990541,-0.37623511283049815,-0.25497668111854604,Near Normal,Near Normal
2011-06-01,2011,6,143.50017041617573,280.93168909905324,294.1576018557798,0.07200485068757839,-0.012408866465480018,Near Normal,Near Normal
2011-07-01,2011,7,157.24121731979687,402.732050741615,451.0903909779863,-0.9363015825538019,-1.080769562595647,Near Normal,Moderately Dry
2011-08-01,2011,8,259.3620410759668,560.1034288119392,705.6267327985743,-0.5077418081901564,-0.6305255779342671,Near Normal,Near Normal
2011-09-01,2011,9,190.22076427270673,606.8240226684702,887.7557117675237,-0.6409054547409258,-0.4791442230991041,Near Normal,Near Normal
2011-10-01,2011,10,88.53419795876147,538.1170033074347,940.8490540490502,0.35507558570048653,-0.19049899175898471,Near Normal,Near Normal
2011-11-01,2011,11,1.0222317493883524,279.7771939808564,839.8806227927959,0.08674392361454995,-0.260320007655787,Near Normal,Near Normal
2011-12-01,2011,12,0.28561925722425296,89.8420489653739,696.6660716338445,0.2779071937791232,-0.38680743996635064,Near Normal,Near Normal
2012-01-01,2012,1,0.5811237848057854,1.8889747914182202,540.0059780988533,-1.8651650933645438,0.31894402787438475,Severely Dry,Near Normal
2012-02-01,2012,2,3.1215336143436003,3.9882766563734684,283.7654706372302,0.5430173701096501,0.1310550066440412,Near Normal,Near Normal
2012-03-01,2012,3,6.3866767652603995,10.089334164409614,99.93138312978385,-0.912214699857701,0.07458376649384646,Near Normal,Near Normal
2012-04-01,2012,4,48.20217285401659,57.71038323362042,59.59935802503898,0.0735290808722694,-0.151346864387838,Near Normal,Near Normal
2012-05-01,2012,5,127.32370944886752,181.91255906814433,185.90083572451815,1.0582070591458663,1.1088147194484945,Moderately Wet,Moderately Wet
2012-06-01,2012,6,144.28941416194468,319.81529646482863,329.90463062923857,1.2379255292313145,1.1059723271885555,Moderately Wet,Moderately Wet
2012-07-01,2012,7,215.02826041517946,486.6413840259915,544.3517672596123,1.3937837152706103,1.254716906307815,Moderately Wet,Moderately Wet
2012-08-01,2012,8,238.46845032481895,597.7861249019429,779.6986839700876,0.4345539515078563,0.8826535707640272,Near Normal,Near Normal
2012-09-01,2012,9,205.3568205786726,658.8535313186708,978.6688277834998,0.4602381530704282,1.0055524506942373,Near Normal,Moderately Wet
2012-10-01,2012,10,111.25020254511372,555.0754734486051,1041.716857474597,0.6484829571174927,1.1841364981058111,Near Normal,Moderately Wet
2012-11-01,2012,11,3.751812517618332,320.3588356414045,918.1449605433478,1.015872213549473,0.8665344435937686,Moderately Wet,Near Normal
2012-12-01,2012,12,0.4266877600408686,115.42870282277275,774.282234141444,1.0714852869846212,0.814161652639403,Moderately Wet,Near Normal
2013-01-01,2013,1,1.3549436555683274,5.533443933227357,560.6089173818327,0.6061472661860825,0.6740925788513631,Near Normal,Near Normal
2013-02-01,2013,2,2.019066352972457,3.8006977685814824,324.1595334099863,0.4335813089175082,1.0705013935741772,Near Normal,Moderately Wet
2013-03-01,2013,3,22.774581755035356,26.148591763575972,141.57729458634907,1.5212620275803062,1.4143619173909607,Severely Wet,Moderately Wet
2013-04-01,2013,4,38.215761915139225,63.00941002314687,68.54285395637457,0.475248610620708,0.5303771399341093,Near Normal,Near Normal
2013-05-01,2013,5,64.95507982863212,125.94542349880653,129.74612126738836,-1.2499216971152167,-1.2040039468733623,Moderately Dry,Moderately Dry
2013-06-01,2013,6,125.61269906033587,228.78354080410705,254.93213256768337,-1.675063570931638,-1.3495150437194263,Severely Dry,Moderately Dry
2013-07-01,2013,7,175.37489261218644,365.9426715011543,428.9520815243015,-2.0612815814661416,-1.681897123879116,Extremely Dry,Severely Dry
2013-08-01,2013,8,207.31658216527666,508.3041738377988,634.2495973366057,-1.8750058884954897,-2.1928658169056248,Severely Dry,Extremely Dry
2013-09-01,2013,9,175.40421150779966,558.0956862852626,786.87922708937,-1.7310897925848292,-2.250897842486475,Severely Dry,Extremely Dry
2013-10-01,2013,10,64.78104007085945,447.5018337439356,813.4445052450901,-1.327534532241019,-2.0756430170035047,Moderately Dry,Extremely Dry
2013-11-01,2013,11,2.174920607342594,242.36017218600153,750.6643460238007,-0.853328917973183,-1.6340530240435802,Near Normal,Severely Dry
2013-12-01,2013,12,1.4992550099402113,68.45521568814208,626.550901973405,-0.5107421446790481,-1.5512893654783806,Near Normal,Severely Dry
2014-01-01,2014,1,1.577749170657128,5.251924787939763,452.7537585318757,0.46526648572143564,-1.2945011259693056,Near Normal,Moderately Dry
2014-02-01,2014,2,1.5652705293332663,4.642274709930435,247.0024468959323,0.9000953043415753,-0.8049120279068483,Near Normal,Near Normal
2014-03-01,2014,3,22.2632358907288,25.406255590719024,93.86147127886144,1.4354037756167224,-0.15010339656116925,Moderately Wet,Near Normal
2014-04-01,2014,4,57.14188398255051,80.97039040261241,86.22231519055251,1.690676484830949,1.7219807103008218,Severely Wet,Severely Wet
2014-05-01,2014,5,110.97415124165938,190.37927111493855,195.0215458248693,1.364123102747417,1.4384990004683722,Moderately Wet,Moderately Wet
2014-06-01,2014,6,121.45869952054089,289.57473474475063,314.98099033547,0.3400052317564275,0.6493616879416115,Near Normal,Near Normal
2014-07-01,2014,7,155.31031487756147,387.74316563976157,468.7135560423743,-1.385928714993416,-0.6162663534314485,Moderately Dry,Near Normal
2014-08-01,2014,8,240.65989291422807,517.4289073123302,707.8081784272691,-1.6275713538898406,-0.5844834287663658,Severely Dry,Near Normal
2014-09-01,2014,9,182.06227919015038,578.0324869819397,867.6072217266906,-1.277608537463958,-0.821792016957173,Moderately Dry,Near Normal
2014-10-01,2014,10,74.1624167970087,496.88458890138696,884.6277545411489,-0.38494695321307965,-0.9998000839397282,Near Normal,Near Normal
2014-11-01,2014,11,5.404599441079448,261.6292954282384,779.058202740569,-0.3579314508065352,-1.1854891675534966,Near Normal,Moderately Dry
2014-12-01,2014,12,0.8658657889425411,80.43288202703052,658.4653690089706,-0.05154523500846004,-1.0109377924954033,Near Normal,Moderately Dry
2015-01-01,2015,1,0.5417103003357858,6.812175530357604,503.6967644317449,1.1930197358136256,-0.3295625800663343,Moderately Wet,Near Normal
2015-02-01,2015,2,3.049229143126784,4.456805232404941,266.08610066064364,0.8023565592392099,-0.3082190140571565,Near Normal,Near Normal
2015-03-01,2015,3,18.333773222276125,21.924712665738525,102.3575946927694,1.0095998184931574,0.16184344496045086,Moderately Wet,Near Normal
2015-04-01,2015,4,14.134515339725866,35.517517705128604,42.32969323548655,-1.9502761591820068,-1.6939193672833934,Severely Dry,Severely Dry
2015-05-01,2015,5,83.14222804255598,115.6105166045578,120.06732183696309,-1.7487715413236404,-1.6678925399725393,Severely Dry,Severely Dry
2015-06-01,2015,6,94.78736685082598,192.06411023310767,213.98882289884654,-3.0749312033195,-2.9029411280694823,Extremely Dry,Extremely Dry
2015-07-01,2015,7,184.9476209387962,362.877215832178,398.39473353730693,-2.158407530837762,-2.547060191231442,Extremely Dry,Extremely Dry
2015-08-01,2015,8,294.67155342424064,574.4065412138627,690.0170578184208,-0.14523800328361708,-0.9628006591906558,Near Normal,Near Normal
2015-09-01,2015,9,183.52855370941936,663.1477280724561,855.211838305564,0.5484938119297367,-1.035244536949688,Near Normal,Moderately Dry
2015-10-01,2015,10,84.62744509352012,562.8275522271799,925.7047680593583,0.7806269344535782,-0.4052430485411371,Near Normal,Near Normal
2015-11-01,2015,11,2.5876934722091525,270.7436922751485,845.1502334890115,-0.13211230068223617,-0.18230231050660894,Near Normal,Near Normal
2015-12-01,2015,12,0.7833921956934186,87.99853076142253,751.1462588338788,0.21523511268593176,0.46489826937147977,Near Normal,Near Normal
2016-01-01,2016,1,0.4433929624079021,3.8144786303103024,566.6420308574906,-0.34575242081016466,0.7764470657171986,Near Normal,Near Normal
2016-02-01,2016,2,0.4798597329380622,1.7066448910392125,272.45033716618804,-1.154597847349992,-0.1479037138717102,Moderately Dry,Near Normal
2016-03-01,2016,3,24.562193826518723,25.485446521864517,113.48397728328737,1.4446388305009088,0.5453156849774323,Moderately Wet,Near Normal
2016-04-01,2016,4,51.94885800330262,76.99091156275924,80.80539019306988,1.4378945550749793,1.3753995221337951,Moderately Wet,Moderately Wet
2016-05-01,2016,5,105.81425678010467,182.32530860992586,184.03195350096541,1.073334875731844,1.0399552486908656,Moderately Wet,Moderately Wet
2016-06-01,2016,6,144.14064557923786,301.903760362645,327.38920688450986,0.713250528481736,1.0299808216027533,Near Normal,Moderately Wet
2016-07-01,2016,7,204.57609105317346,454.53099341251584,531.5219049752754,0.5362987109544137,0.950098464044828,Near Normal,Near Normal
2016-08-01,2016,8,239.43228088257567,588.1490175149868,770.474326124913,0.19742559930156303,0.6995810790732199,Near Normal,Near Normal
2016-09-01,2016,9,191.89608902801265,635.9044609637616,937.808221326407,-0.018025771396324913,0.35014569853508803,Near Normal,Near Normal
2016-10-01,2016,10,60.62451328698451,491.9528831975727,946.4838766100888,-0.47617174729621403,-0.11118726686826252,Near Normal,Near Normal
2016-11-01,2016,11,1.582462927878612,254.10306524287563,842.2520827578628,-0.5484094013113158,-0.22516971053968413,Near Normal,Near Normal
2016-12-01,2016,12,1.1367365971561962,63.34371281201918,699.2481737757811,-0.7233785213247977,-0.3454561410637639,Near Normal,Near Normal
2017-01-01,2017,1,0.656045929148334,3.375245454183,495.328128651756,-0.6343232694694158,-0.48343136909374373,Near Normal,Near Normal
2017-02-01,2017,2,0.3631807810803043,2.1559633073846927,256.25902855026067,-0.7315533213688901,-0.5608874718671517,Near Normal,Near Normal
2017-03-01,2017,3,5.75405709835569,6.773283808584186,70.11699662060367,-1.7306320028650144,-1.1376703265519525,Severely Dry,Moderately Dry
2017-04-01,2017,4,32.08820050048227,38.20543837991813,41.580683834101436,-1.6656135638626197,-1.7698984540704084,Severely Dry,Severely Dry
2017-05-01,2017,5,98.76635917752625,136.60861677636407,138.76458008374908,-0.7635529177943812,-0.7924397629777802,Near Normal,Near Normal
2017-06-01,2017,6,160.14823254994204,291.0027922279504,297.77607603653496,0.3837716151500528,0.10477587741505251,Near Normal,Near Normal
2017-07-01,2017,7,185.34482321779777,444.2594149452659,482.4648533251844,0.2535416272155551,-0.26187796073787917,Near Normal,Near Normal
2017-08-01,2017,8,249.9240308025664,595.4170865703061,732.0257033466704,0.37649916067927874,-0.07959857729504147,Near Normal,Near Normal
2017-09-01,2017,9,184.77488837428044,620.0437423946445,911.0465346225951,-0.3553318102705453,-0.08947475428036687,Near Normal,Near Normal
2017-10-01,2017,10,40.234110910511426,474.93303008735813,919.1924450326244,-0.7957883514881902,-0.49830907892448734,Near Normal,Near Normal
2017-11-01,2017,11,1.483457021475257,226.49245630626697,821.9095428765734,-1.2816225462989066,-0.5288717646563392,Moderately Dry,Near Normal
2017-12-01,2017,12,0.9457516820238867,42.663319614010426,662.7070620086552,-1.7302812138882278,-0.9404567828439113,Severely Dry,Near Normal
2018-01-01,2018,1,0.3819487249870385,2.81115742848604,477.7441875158445,-1.0455323510988825,-0.8125054784607414,Moderately Dry,Near Normal
2018-02-01,2018,2,5.033580025547283,6.3612804325580665,232.85373673882535,1.705105487929706,-1.1901128401139647,Severely Wet,Moderately Dry
2018-03-01,2018,3,12.03447474616192,17.450003496696098,60.11332311070684,0.391950811848921,-1.6233870140623297,Near Normal,Severely Dry
2018-04-01,2018,4,41.14546332419336,58.213518095902415,61.02467552438877,0.11270009900214246,-0.03833441720205509,Near Normal,Near Normal
2018-05-01,2018,5,103.04633265886001,156.22627072921514,162.58755116177352,0.06830958311731027,0.2145426929006322,Near Normal,Near Normal
2018-06-01,2018,6,138.63129417765816,282.8230901607114,300.2730936574078,0.13111703418566378,0.18508985528151253,Near Normal,Near Normal
2018-07-01,2018,7,204.33202183935552,446.00964867587356,504.2231667717763,0.3020273685414599,0.2853335034262918,Near Normal,Near Normal
2018-08-01,2018,8,276.71444840338637,619.6777644203999,775.9040351496153,0.963925869672775,0.8075175647008189,Near Normal,Near Normal
2018-09-01,2018,9,209.53469538283542,690.5811656255771,973.4042557862889,1.103547344264993,0.9221408530878629,Moderately Wet,Near Normal
2018-10-01,2018,10,99.69510904561525,585.9442528318368,1031.9539015077107,1.1676657137845718,1.0550575896977892,Moderately Wet,Moderately Wet
2018-11-01,2018,11,4.322477628522069,313.55228205697256,933.2300464773729,0.8657026441013368,1.07631777040652,Near Normal,Moderately Wet
2018-12-01,2018,12,0.6656046183787128,104.68319129251587,795.2643569180934,0.7538954879742351,1.1249765663231546,Near Normal,Moderately Wet
2019-01-01,2019,1,0.7877715755900986,5.77585382249071,591.7201066543279,0.7237297228714703,1.1943452364289184,Near Normal,Moderately Wet
2019-02-01,2019,2,3.918776237503166,5.3721524314718065,318.9244344884448,1.2619197892822493,0.9532864441014599,Moderately Wet,Near Normal
2019-03-01,2019,3,11.050979570350474,15.757527383443568,120.44071867595983,0.13108388975927052,0.7725937502828712,Near Normal,Near Normal
2019-04-01,2019,4,34.68175633095144,49.651512138804904,55.42736596129602,-0.5876441456363921,-0.49291953283908496,Near Normal,Near Normal
2019-05-01,2019,5,130.2546931356703,175.98742903697203,181.35958146844425,0.8385067716002144,0.9406862949572898,Near Normal,Near Normal
2019-06-01,2019,6,130.64024297522448,295.57669244184603,311.33421982529,0.5229971144708695,0.5356128778942513,Near Normal,Near Normal
2019-07-01,2019,7,212.96705779740506,473.86199390829967,523.513506047105,1.0571450685852477,0.7574790401907112,Moderately Wet,Near Normal
2019-08-01,2019,8,245.14169246247684,588.7489932351062,764.7364222720787,0.2122636435401076,0.5849675464939176,Near Normal,Near Normal
2019-09-01,2019,9,205.2045732870235,663.3133235469052,958.8900159887517,0.5518895651490522,0.690616593493559,Near Normal,Near Normal
2019-10-01,2019,10,152.24052977549565,602.5867955249958,1076.4487894332958,1.4401080907018724,1.636954259579797,Moderately Wet,Severely Wet
2019-11-01,2019,11,5.4890390319201785,362.93414209443915,951.6831353295457,1.9106313432809774,1.3299080952657407,Severely Wet,Moderately Wet
2019-12-01,2019,12,0.5196201457577047,158.24918895317336,821.562512500079,2.1753477790840505,1.506974510635522,Extremely Wet,Severely Wet
2020-01-01,2020,1,0.4250316361112093,6.433690813788922,609.0204863387851,1.0273797301970888,1.4758648933230938,Moderately Wet,Moderately Wet
2020-02-01,2020,2,0.2297733910364785,1.174425172905222,364.10856726734477,-1.7739725502260901,1.9264649543022438,Severely Dry,Severely Wet
2020-03-01,2020,3,15.95106755495089,16.605872582098407,174.85506153527217,0.26405027176829643,2.309397801189247,Near Normal,Extremely Wet
2020-04-01,2020,4,40.680447069625075,56.861288015612274,63.29497882940159,0.0069039825888994365,0.1380917434110693,Near Normal,Near Normal
2020-05-01,2020,5,94.4145456555649,151.0460602801407,152.2204854530463,-0.14421751239509167,-0.21062676261430552,Near Normal,Near Normal
2020-06-01,2020,6,139.3974683564523,274.4924610816421,291.0983336637409,-0.1312533557531285,-0.11223595659139671,Near Normal,Near Normal
2020-07-01,2020,7,238.28687331066214,472.09888732267916,528.9601753382918,1.0102310594678707,0.8886938586839916,Moderately Wet,Near Normal
2020-08-01,2020,8,259.01354031226356,636.6978819793778,787.7439422595189,1.3669874705901992,1.0411550925550734,Moderately Wet,Moderately Wet
2020-09-01,2020,9,223.42943068510502,720.7298443080306,995.222305389673,1.6969452901755402,1.2659025497819387,Severely Wet,Moderately Wet
2020-10-01,2020,10,73.62874632711758,556.071717324486,1028.1706046471656,0.6655334082114455,1.0048200778378424,Near Normal,Moderately Wet
2020-11-01,2020,11,1.6588282376726942,298.7170052498951,935.4148872292734,0.5307734470700384,1.1065149851395035,Near Normal,Moderately Wet
2020-12-01,2020,12,0.7034498409530642,75.99102440574318,796.720868713774,-0.21608588734949555,1.1463498903655396,Near Normal,Moderately Wet
2021-01-01,2021,1,0.22237258523086442,2.5846506638564524,558.6563679883429,-1.226838007860434,0.640810395786191,Moderately Dry,Near Normal
2021-02-01,2021,2,0.2929967969269705,1.2188192231107284,299.9358244730063,-1.7153490503390454,0.5171396073936615,Severely Dry,Near Normal
2021-03-01,2021,3,17.18560222992817,17.700971612085834,93.6919960178294,0.4291847105703659,-0.15651456379221845,Near Normal,Near Normal
2021-04-01,2021,4,31.489036721714143,48.96763574856911,51.55228641242596,-0.6469878275433996,-0.826061188759865,Near Normal,Near Normal
2021-05-01,2021,5,86.73583070227203,135.41046965391416,136.6292888770253,-0.8168939451130325,-0.8882136296670944,Near Normal,Near Normal
2021-06-01,2021,6,143.3325550565407,261.5574224805267,279.25839409261295,-0.5493934890979217,-0.5053289250361778,Near Normal,Near Normal
2021-07-01,2021,7,183.4296127417338,413.4979985005464,462.46563424911585,-0.6202394000508699,-0.7795846706210016,Near Normal,Near Normal
2021-08-01,2021,8,260.3950382541967,587.1572060524711,722.5676757063856,0.17287491363704785,-0.27543137868019835,Near Normal,Near Normal
2021-09-01,2021,9,207.88214668058004,651.7067976765104,913.2642201570375,0.31250434406497063,-0.0527197909989679,Near Normal,Near Normal
2021-10-01,2021,10,99.80997681549042,568.0871617502671,981.5851602508137,0.8695985844202379,0.37591851534887905,Near Normal,Near Normal
2021-11-01,2021,11,6.391089663547188,314.0832131596175,901.2404192120889,0.8774931921198552,0.6287150731869201,Near Normal,Near Normal
2021-12-01,2021,12,0.22287760875501136,106.4239440877925,758.1307417643031,0.806745307625942,0.5710804402200454,Near Normal,Near Normal
2022-01-01,2022,1,0.23558585305543303,6.849553125357518,574.9367148756248,1.2090517956178832,0.9159985522468032,Moderately Wet,Near Normal
2022-02-01,2022,2,0.1963566878876402,0.6548201496979709,314.7380333093157,-2.6254122370552873,0.8586356298010057,Extremely Dry,Near Normal
2022-03-01,2022,3,12.145402632168697,12.577345173111656,119.00128926090439,-0.4150310747102395,0.726290279998149,Near Normal,Near Normal
2022-04-01,2022,4,56.72295110288603,69.06471042294226,75.9142635483,0.9078039123644752,1.049184862150373,Near Normal,Moderately Wet
2022-05-01,2022,5,82.11051619710375,150.97886993215837,151.63369008185657,-0.1470058582088997,-0.2352631571590183,Near Normal,Near Normal
2022-06-01,2022,6,143.94276873223342,282.7762360322231,295.353581205335,0.12965588284779422,0.02642887025255443,Near Normal,Near Normal
2022-07-01,2022,7,200.2581582088137,426.3114431381507,495.37615356109325,-0.2511686743203661,0.06477197752227326,Near Normal,Near Normal
2022-08-01,2022,8,244.243587032069,588.444513973116,739.4233839052746,0.20473480336868247,0.07240056451584385,Near Normal,Near Normal
2022-09-01,2022,9,223.60988233297033,668.111627573853,950.8878636060763,0.6500414645364638,0.5619734785026886,Near Normal,Near Normal
2022-10-01,2022,10,99.15036028975719,567.0038296547964,993.3152727929474,0.8513176507245986,0.5361104478859547,Near Normal,Near Normal
2022-11-01,2022,11,1.376888996669454,324.1371316193968,912.581645592513,1.0983248137318151,0.7885907861133891,Moderately Wet,Near Normal
2022-12-01,2022,12,0.9117565362590031,101.4390058226855,769.5506333965386,0.6538427150778345,0.7433018916555157,Near Normal,Near Normal
2023-01-01,2023,1,0.5984530224591631,2.887098555387478,569.8909282101841,-0.9870294239407754,0.8312672594099666,Near Normal,Near Normal
2023-02-01,2023,2,0.7078627793826896,2.218072338100714,326.3552039574978,-0.6780671413578024,1.1192917203074817,Near Normal,Moderately Wet
2023-03-01,2023,3,21.175629794358432,22.48194559620014,123.9209514188859,1.0805487288132165,0.8830644710314257,Moderately Wet,Near Normal
2023-04-01,2023,4,36.99193021143213,58.875422785173114,61.76252134056084,0.16388993069285746,0.019477058763267552,Near Normal,Near Normal
2023-05-01,2023,5,102.28333045097598,160.45089045676642,162.66896279486735,0.2381796283361936,0.21780897864708992,Near Normal,Near Normal
2023-06-01,2023,6,164.2017141946123,303.4769748570203,325.9589204532207,0.7601457372004401,0.9865993296854461,Near Normal,Near Normal
2023-07-01,2023,7,201.8930409681053,468.37808561369343,527.2535083988668,0.910843060806165,0.8476756055959009,Near Normal,Near Normal
2023-08-01,2023,8,254.29247774399872,620.3872329067162,780.8381233634827,0.980872665838675,0.9051676731805002,Near Normal,Near Normal
2023-09-01,2023,9,201.6411959933148,657.8267147054187,961.3036895624391,0.43907808179056895,0.7292788923696273,Near Normal,Near Normal
2023-10-01,2023,10,86.52526618602329,542.4589399233366,1010.8370255370304,0.4307758915840165,0.7730711935469035,Near Normal,Near Normal
2023-11-01,2023,11,7.021820426887531,295.1882826062255,915.5755155129419,0.4494928228730096,0.8305748087717898,Near Normal,Near Normal
2023-12-01,2023,12,0.3256561907089424,93.87274280361962,751.6994575090387,0.41202144343660285,0.4733321776681846,Near Normal,Near Normal
2024-01-01,2024,1,0.10634193963186693,7.453818557228198,549.912758480565,1.4607689616436534,0.49081719183288364,Moderately Wet,Near Normal
2024-02-01,2024,2,2.2200958072263655,2.6520939375670327,297.84037654379273,-0.3304052253192481,0.46790082608071515,Near Normal,Near Normal
2024-03-01,2024,3,15.290966406404438,17.617404153262527,111.4901469568824,0.4168255165731971,0.4784897906987332,Near Normal,Near Normal
2024-04-01,2024,4,46.46627332092542,63.977335534556076,71.43115409178453,0.5461806787861061,0.7378428815855078,Near Normal,Near Normal
2024-05-01,2024,5,100.96579568003965,162.72303540736937,165.37512934493665,0.32831331923527407,0.3257690418711919,Near Normal,Near Normal
2024-06-01,2024,6,141.44480670050024,288.87687570146517,306.49427985472795,0.3185654004061627,0.38327283058316264,Near Normal,Near Normal
2024-07-01,2024,7,213.71646378223718,456.12706616277694,520.1044016973333,0.5798530880620807,0.6748894582927135,Near Normal,Near Normal
2024-08-01,2024,8,225.78743747887378,580.948707961611,743.6717433689807,0.01856230862401153,0.1592332582656796,Near Normal,Near Normal
2024-09-01,2024,9,209.13452520296312,648.638426464074,937.5153021655394,0.2487456474261551,0.3453793720985629,Near Normal,Near Normal
2024-10-01,2024,10,129.51478210082144,564.4367447826583,1020.5638109454353,0.8079062968134719,0.9034392413451445,Near Normal,Near Normal
2024-11-01,2024,11,0.8020349751966728,339.4513422789811,920.4000502405925,1.426197134618873,0.8980397089883287,Moderately Wet,Near Normal
2024-12-01,2024,12,0.6104813695796819,130.92729844559764,779.5657249096719,1.4973675428743511,0.892948051510819,Moderately Wet,Near Normal
2025-01-01,2025,1,0.6912804288591189,2.1037967736353314,566.5405415562938,-1.6524073165847202,0.7747312396250614,Severely Dry,Near Normal
2025-02-01,2025,2,2.3353662255027916,3.6371280239414503,343.08847030292276,0.33520496380271186,1.484218174599787,Near Normal,Moderately Wet
2025-03-01,2025,3,10.555860582428307,13.582507236790075,144.509805682388,-0.23325617972837775,1.4983586690812203,Near Normal,Moderately Wet
2025-04-01,2025,4,35.072925568882056,47.96415237681301,50.0679491504486,-0.7350884953896022,-0.958158373116352,Near Normal,Near Normal
2025-05-01,2025,5,80.78264691555917,126.41143306686939,130.0485610908111,-1.2280951329522618,-1.1898932445091415,Moderately Dry,Moderately Dry
2025-06-01,2025,6,141.42806242661322,257.2836349110543,270.86614214784464,-0.6905880161301482,-0.7907670708295865,Near Normal,Near Normal
2025-07-01,2025,7,201.38290435633473,423.593613698507,471.5577660753203,-0.3288252015529149,-0.5424025119681714,Near Normal,Near Normal
2025-08-01,2025,8,224.45796015037843,567.2689269333263,693.6803600001958,-0.32537330272888404,-0.8843732523955521,Near Normal,Near Normal
2025-09-01,2025,9,225.87725304382883,651.7181175505418,909.0017524615964,0.31273919316454124,-0.12341701383352724,Near Normal,Near Normal
2025-10-01,2025,10,102.28990209804815,552.6251152922553,976.2187289907625,0.6064592094928061,0.3022073565031577,Near Normal,Near Normal
2025-11-01,2025,11,2.9962492645054075,331.16340440638226,898.4323313397088,1.2499908509903546,0.5889237739426404,Moderately Wet,Near Normal
2025-12-01,2025,12,1.050129714677794,106.33628107723123,758.0543986277733,0.8040974180368591,0.5699233471141228,Near Normal,Near Normal
